{
  "nama": "Hasumi",
  "awalan": ";",
  "port": 8080,
  "proxy": "103.179.217.242",
  "bahasa": "id",
  "notifkey": "wvvrFvLUkKuF8DEG",
  "aikey": "AIzaSyAXBvwNkZBckC8b3vTZVVuwRwlsPttTgkA",
  "chatdm": true,
  "maintain": true,
  "admin": [
    "100062186575693",
    "61572699202812",
    "100068023341549",
    "100072207731954",
    "61568587336275",
    "100082817781530"
  ],
  "setting": {
    "forceLogin": true,
    "listenEvents": true,
    "updatePresence": true,
    "listenTyping": true,
    "logLevel": "error",
    "selfListen": false,
    "selfListenEvent": true,
    "autoMarkDelivery": false,
    "autoReconnect": false
  }
}